roomID,guestID
1,150
2,149
3,148
4,147
5,146
6,145
7,144
8,143
9,142
10,141
11,140
12,139
13,138
14,137
15,136
16,135
17,134
18,133
19,132
20,131
21,130
22,129
23,128
24,127
25,126
26,125
27,124
28,123
29,122
30,121
31,120
32,119
33,118
34,117
35,116
36,115
37,114
38,113
39,112
40,111
41,110
42,109
43,108
44,107
45,106
46,105
47,104
48,103
49,102
50,101
51,100
52,99
53,98
54,97
55,96
56,95
57,94
58,93
59,92
60,91
61,90
62,89
63,88
64,87
65,86
66,85
67,84
68,83
69,82
70,81
71,80
72,79
73,78
74,77
75,76
76,75
77,74
78,73
79,72
80,71
81,70
82,69
83,68
84,67
85,66
86,65
87,64
88,63
89,62
90,61
91,60
92,59
93,58
94,57
95,56
96,55
97,54
98,53
99,52
100,51
101,50
102,49
103,48
104,47
105,46
106,45
107,44
108,43
109,42
110,41
111,40
112,39
113,38
114,37
115,36
116,35
117,34
118,33
119,32
120,31
121,30
122,29
123,28
124,27
125,26
126,25
127,24
128,23
129,22
130,21
131,20
132,19
133,18
134,17
135,16
136,15
137,14
138,13
139,12
140,11
141,10
142,9
143,8
144,7
145,6
146,0
147,4
148,3
149,2
150,1
151,0
152,0
153,0
154,0
155,0
156,0
157,0
158,0
159,0
160,0
161,0
162,0
163,0
164,0
165,0
166,0
167,0
168,0
169,0
170,0
171,0
172,0
173,0
174,0
175,0
176,0
177,0
178,0
179,0
180,0
181,0
182,0
183,0
184,0
185,0
186,0
187,0
188,0
189,0
190,0
191,0
192,0
193,0
194,0
195,0
196,0
197,0
198,0
199,0
200,0
